postId,type,title,lang,content
"5b8fcc45-756e-42cf-9559-1eb929b62a3d","blog","Post 01","EN","Hello 01"
"3dc8c3c8-2aa7-42f1-9b8b-e3caa5f764e4","blog","Post 02","EN","Hello 02"
"9be48653-d9b7-4ba1-8bb7-fbf83ed9b444","blog","Post 03","ES","Hello 03"
"338bfb9d-4017-448a-b3f7-b398f44a33f2","blog","Post 04","EN","Hello 04"
"7f25ecd8-43dd-4113-aed2-3bc53ae157cf","blog","Post 05","ES","Hello 05"
"1f9355ee-8f5b-4334-ae8b-f839bfbd12fd","blog","Post 06","EN","Hello 06"
"9371b510-5ac2-4b45-8b9e-c7c42718be4d","blog","Post 07","EN","Hello 07"
"3d3ea558-0f0c-43e4-9d9f-f5fd68176b73","blog","Post 08","EN","Hello 08"
"587e17a2-260c-4b58-905c-6199ee273183","blog","Post 09","ES","Hello 09"
"f8a0604d-4944-4b33-9061-8131efd2af51","blog","Post 10","EN","Hello 10"
"b1888739-1d77-41fb-87e3-55e7e379aca4","blog","Post 11","ES","Hello 11"
"0d3bdca4-4e92-420a-8b08-e9c211649e79","blog","Post 12","EN","Hello 12"
"fb35aea4-d2b9-4bfb-b5c2-606b046472ce","blog","Post 13","EN","Hello 13"
"b1c1de66-3003-4a6f-9fc6-90412b06ab8b","blog","Post 14","EN","Hello 14"
"a9e17c00-71bc-4c58-88b6-f5a3e4a9a2dd","blog","Post 15","ES","Hello 15"
"d083232b-a6d1-4244-be68-ad2e62751e2d","blog","Post 16","EN","Hello 16"
"3d9c26f8-bb53-4e6b-9c96-04083c9b23d7","blog","Post 17","ES","Hello 17"
"748a2f6a-ff51-401e-8a92-f87e9e95f913","blog","Post 18","EN","Hello 18"
"2831b055-c031-4553-b2ba-de5c27acea5f","blog","Post 19","EN","Hello 19"
"b3c1e0c0-3d6c-4707-bee9-e3cef8bc94b5","blog","Post 20","EN","Hello 20"
"87c89dba-0617-48c0-99c0-a4a2e05da8f4","blog","Post 21","ES","Hello 21"
"bde54d8e-2f58-4c5f-a4a9-cff6ffc5ff31","blog","Post 22","EN","Hello 22"
"449dfea1-f578-4f48-9fa8-2ee1b0d27d66","blog","Post 23","ES","Hello 23"
"385d2153-1ddc-4842-ad21-fb713808fde2","blog","Post 24","EN","Hello 24"
"151b1273-a614-4713-b857-0df27cbfe1c1","blog","Post 25","EN","Hello 25"
"493cd1f2-3ae5-447a-b6e8-f077d6ed59d4","blog","Post 26","EN","Hello 26"
"3a666072-c51b-4bbc-bab7-6da52af813ab","blog","Post 27","ES","Hello 27"
"d4ac1a74-d21e-47f2-b2ef-5f47c6437ce5","blog","Post 28","EN","Hello 28"
"251b932a-d9f6-407e-9cea-9a77310a078d","blog","Post 29","ES","Hello 29"
"f11c4a66-4387-4a0e-a117-906acd8aca7f","blog","Post 30","EN","Hello 30"
"13889bea-9a35-468c-aa6a-94f74d53f55f","blog","Post 31","EN","Hello 31"
"09e80cbd-1e2e-4d9e-b45e-a4fde2c582e5","blog","Post 32","EN","Hello 32"
"ef4b2b37-157e-4c49-9ab7-219ae2a68235","blog","Post 33","ES","Hello 33"
"e336c3e9-53e3-4c1f-a06e-507c5033c37b","blog","Post 34","EN","Hello 34"
"a65dce73-6e81-40b3-ba92-fe96d9b51bda","blog","Post 35","ES","Hello 35"
"2f27cb2c-68e0-49ec-b1af-13c241f74420","blog","Post 36","EN","Hello 36"
"53e49b85-e0ec-439c-9f74-a6c79a0749a1","blog","Post 37","EN","Hello 37"
"9cf70984-9a82-4050-86c9-08d0504826f0","blog","Post 38","EN","Hello 38"
"ee2f3def-b91d-47db-93ee-f606815ed106","blog","Post 39","ES","Hello 39"
"4823de05-8fa3-4c17-86e2-fa4aca3eda2e","blog","Post 40","EN","Hello 40"
"e498f041-a724-4718-bc6e-d2575e427cdf","blog","Post 41","ES","Hello 41"
"2a144f5a-6127-4867-ba69-e9c83589395e","blog","Post 42","EN","Hello 42"
"c396ffbc-a005-4f5d-8a8b-74e89628ebfa","blog","Post 43","EN","Hello 43"
"92e6a8f6-3404-4089-b83b-207fd841ce0f","blog","Post 44","EN","Hello 44"
"da47dd28-cafa-4423-a154-ca861b90f1dc","blog","Post 45","ES","Hello 45"
"111d6aa5-9090-42cc-81c7-6b5da5f83435","blog","Post 46","EN","Hello 46"
"d2a8c4f2-e3ed-4597-a30e-13dd25f32740","blog","Post 47","ES","Hello 47"
"8faab230-aee3-406d-b6e5-398da21a0005","blog","Post 48","EN","Hello 48"
"df1827d2-9cba-4f04-a897-e206d1ac1d91","blog","Post 49","EN","Hello 49"
"d366c365-de32-497d-927f-446ed5a7095b","blog","Post 50","EN","Hello 50"
"6420df3c-af19-4c17-9239-52a1ea18e3e3","blog","Post 51","ES","Hello 51"
"d966cc32-2a85-48ce-a81f-b0fcdfac0499","blog","Post 52","EN","Hello 52"
"470fb95b-2fe3-4700-a6fb-073e34a54f43","blog","Post 53","ES","Hello 53"
"20a224f4-c0e4-41f5-9bea-6f8ba54e98da","blog","Post 54","EN","Hello 54"
"f8541452-b040-4e43-b37a-adeed8851acb","blog","Post 55","EN","Hello 55"
"bd60ba20-6ad7-4da4-a36d-0bbc5110f136","blog","Post 56","EN","Hello 56"
"89a49885-0e62-4c32-abc8-fe20735b0b6f","blog","Post 57","ES","Hello 57"
"1fefea24-5305-4eaa-b19e-c37fc20e79aa","blog","Post 58","EN","Hello 58"
"130419df-30d6-4689-8d73-2060f3f563c7","blog","Post 59","ES","Hello 59"
"7413b372-2e48-40b4-9015-5027ea26cb04","blog","Post 60","EN","Hello 60"
"ce88bf3a-0353-49ea-b7e4-41d1ff38857c","blog","Post 61","EN","Hello 61"
"ab4d3ff6-340f-4ddf-ad89-4033743604b4","blog","Post 62","EN","Hello 62"
"f4b69b6b-a483-4d62-a30a-5dc1ff4edb05","blog","Post 63","ES","Hello 63"
"4fded60f-2505-4e5c-9f48-42e0b7c9149b","blog","Post 64","EN","Hello 64"
"eee42522-977a-455a-8bd1-d3ebb65c3262","blog","Post 65","ES","Hello 65"
"1a32201a-a465-4147-a170-df6a8dd42e8a","blog","Post 66","EN","Hello 66"
"918d5d9d-4e9a-466c-9e21-b90f28392f5d","blog","Post 67","EN","Hello 67"
"8e2fa002-71df-4b32-ba43-6ce6e32e848f","blog","Post 68","EN","Hello 68"
"e130f464-1c6e-4f9b-8864-b2807187e52f","blog","Post 69","ES","Hello 69"
"a921e2cc-a772-456a-94dc-d70a310b1afe","blog","Post 70","EN","Hello 70"
"2937b2ae-c52e-4489-b77f-256c7a22b9f9","blog","Post 71","ES","Hello 71"
"3264a13e-8880-4ae3-b342-7a8c55195a6a","blog","Post 72","EN","Hello 72"
"0fb03d46-6d09-40f9-b2a2-3fd9b47c57e8","blog","Post 73","EN","Hello 73"
"7b693c7a-6cba-499a-91e2-2be0d861be9b","blog","Post 74","EN","Hello 74"
"3b0e0101-1951-489a-ad4a-46a52f2d2437","blog","Post 75","ES","Hello 75"
"c39c9926-00a2-4013-89e6-5536a22b3f58","blog","Post 76","EN","Hello 76"
"34485f4d-c726-4ac2-b6dc-5065378ce49c","blog","Post 77","ES","Hello 77"
"157cae8e-9ab1-4464-8619-84d26d9d997a","blog","Post 78","EN","Hello 78"
"a7136c43-d71b-42ca-b785-5acf0edd05f9","blog","Post 79","EN","Hello 79"
"63f57852-a849-4053-9226-99b4650130a9","blog","Post 80","EN","Hello 80"
"2f9e2576-c08b-4360-9bc2-e0ad8710b6e8","blog","Post 81","ES","Hello 81"
"06dd067a-1ddb-41f7-872d-e4dd425521cf","blog","Post 82","EN","Hello 82"
"cad984b4-0697-4e81-8445-f7a249890dc1","blog","Post 83","ES","Hello 83"
"5932dfb0-dacb-4eb7-a32c-131b4cd888af","blog","Post 84","EN","Hello 84"
